{
  "ru": {
    "comment_add":"Добавить комментарий",
    "comment_is_added_moderated": "Перед публикацией комментарии проходят модерацию",
    "comment_is_added":"Комментарий добавлен",
    "comments_are_moderated":"Комментарий будет проверен администратором перед публикацией",
    "cart_is_empty": "Ваша корзина пуста",
    "cart_title": "Корзина",
    "bundle_product_price": "Стоимость",
    "bundle_product_discount": "Экономия",
    "bundle_product_finall": "Стоимость комплекта",
    "cart_description": "Корзина",
    "total_caption":"Итого к оплате",
    "total_count": "Кол-во",
    "log_in": "Вход / Регистрация",
    "hello": "здравствуйте",
    "all_subcategory": "Все подкатегории",
    "compare_description": "Сравнение",
    "search_description": "Поиск",
    "created_by": "Сделано в InSales",
    "button_submit":"Отправить",
    "panel_sidebar": "Место под рекламу",
    "no_js_message":"Включите в вашем браузере JavaScript!",
    "button_more": "Подробнее",
    "button_checkout": "Оформить заказ",
    "button_widget_cart": "Оформить",
    "button_to_cart": "В корзину",
    "button_review": "Оставить отзыв",
    "block_list_feedback": "Форма заявки",
    "block_paymenttitle": "<h3>ПРИНИМАЕМ К ОПЛАТЕ</h3>",
 	  "block_payments": "Платежные системы",
    "block_social_caption": "Социальные сети",
    "block_social_content": "<h3>БУДЬ В КУРСЕ</h3>",
    "cart_discount_description": "Скидка применяется от суммы более 1000 руб. Или что-то подобное, в зависимости от чего применяется скидка",
    "cart_discount" : "Скидка",
    "block_worktime_caption": "Время работы",
    "block_worktime_content": "<p><strong>МЫ РАБОТАЕМ:</strong></p><p>С 9.00 до 21.00</p>",
    "block_feedback_title": "Форма заявки",
    "bundle": "Комплект",
    "product_available": "✔",
    "product_available_caption": "Наличие",
    "bundle_includes": "Состав комплекта",
    "bundle_is_free": "В подарок",
    "button_apply": "Применить",
    "button_add_comparison": "Добавить в сравнение",
    "button_remove_comparison": "Убрать из сравнения",
    "button_remove": "Удалить",
    "button_preorder": "Предзаказ",
    "button_reset_filters":"Сбросить",
    "search_title":"Поиск",
    "search_is_fail": "Ничего не найдено",
    "search_is_empty": "Введите ключевые слова для поиска",
    "comparison_title": "Сравнение",
    "show_the_same": "Показать одинаковые",
    "show":"Показать",
    "hide_the_same": "Скрыть одинаковые",
    "article_related_products": "Товары к статье",
    "comments": "комментарии",
    "collection_filters_is_empty": "По выбранным параметрам ничего не найдено. Попробуйте выбрать другие значения.",
    "comparison_is_empty": "Список сравнения пуст",
    "collection_is_empty": "В данном разделе пока нет товаров. Мы работаем над этим.",
    "comment_success": "Комментарий добавлен!",
    "fields": " Дополнительные поля",
    "discount_placeholder": "Есть промо-код?",
    "label_to": "До ",
    "label_from": "От ",
    "label_sort": "Сортировка",
    "label_limit": "Показывать по",
    "label_price": "Цена",
    "label_price_min": "От ",
    "label_economy": "Экономия",
    "label_description": "Описание",
    "label_reviews": "Отзывы",
    "view_products": "Просмотренные товары",
    "product_page": "Настройки покупки",
    "label_product": "Товар",
    "label_variant": "Вариант",
    "label_photo": "Фото",
    "label_main_menu": "Верхнее меню",
    "label_catalog": "Каталог товаров",
    "label_characteristics": "Характеристики",
    "label_article": "Артикул",
    "sort_by_price": "по возрастанию цены",
    "sort_by_price_desc": "по убыванию цены",
    "sort_by_createdon": "сначала новые",
    "sort_by_createdon_desc": "сначала старые",
    "sort_by_title": "по названию",
    "sort_by_title_desc": "по убыванию алфавита",
    "s_alertify-ok": "Отправить",
    "s_alertify-cancel": "Отмена",
    "s_alertify-addcart": "Товар добавлен в корзину",
    "s_alertify-removecart": "Товар удален из корзины",
    "s_heading_colors_and_fonts": "Палитры и фон",
    "background_container": "Цвет фона контейнера",
    "background_container_use": "Использовать цвет фона контейнера?",

    "s_subheading_primary_colors": "Палитра №1",
    "s_color_background": "Основной цвет",
    "s_color_background-sub": "Дополнительный цвет",
    "s_color_text": "Цвет текста",
    "s_color_active_elements": "Цвет активных элементов",
    "s_color_active_elements_hover": "Активные элементы при наведении",
    "s_color_border": "Цвет границ",

    "s_subheading_adjective_colors": "Палитра №2",
    "s_subheading_custom_colors": "Палитра №3",


    "s_subheading_background_substrate": "Фоновая подложка",
    "s_body_background_color": "Цвет фона",
    "s_body_background_use": "Использовать изображение",
    "s_body_background_type": "Положение фона",
    "s_body_background_image": "Изображение",

    "s_subheading_fonts": "Шрифты",
    "s_font_family_primary": "Шрифт",
    "s_font_size_primary": "Размер шрифта",

    "s_heading_logotype": "Логотип",

    "s_subheading_logotype": "Логотип",
    "s_logotype_type" : "Использовать",
    "s_logotype_image" : "Загрузить логотип",
    "s_logotype_font_family" : "Шрифт логотипа",
    "s_logotype_font_size" : "Размер шрифта логотипа",

    "s_subheading_favicon": "Иконка (favicon)",
    "s_favicon": "Изображение (.png)",

    "s_heading_contacts": "Контакты и сети",
    "s_subheading_contacts": "Контакты",
    "s_phone" : "Телефон",
    "s_email" : "E-mail",

    "s_subheading_socials": "Соц.сети",
    "s_social_media_hide": "Скрыть соц.ссылки",

    "s_heading_frontpage": "Главная страница",
    "client_account": "Личный кабинет",
    "user_oferta": "Политика конфиденциальности и оферта",
    "term_of_use": "Пользовательское соглашение",
    "exchange_return":"Условия обмена и возврата",

    "s_subheading_slider": "Слайдер",
    "s_promo_slider_auto": "Автоматически листать",
    "s_promo_slider_auto_time": "Задержка между листанием (сек.)",

    "s_subheading_special_products": "Подборки товаров",
    "default": "По умолчанию",
    "tile": "Замостить",
    "all_blogs": "Больше статей",
    "stretch": "Растянуть",
    "s_subheading_special_categories": "Спец.категории",

    "s_heading_collection": "Страница каталога товаров",

    "s_cards_background_hide": "Отключить фон карточек",
    "s_image_cover": " Обрезать фото",
    "s_cards_introtext_hide": "Скрыть описание карточки",
    "s_category_description_position": "Описание категории и картинка категории",
    "s_category_image_hidden": "Скрыть изображение категории",
    "s_category_subcollections_hidden": "Скрыть подкатегории",
    "s_category_filter_hidden": "Скрыть фильтр по свойствам",

    "s_heading_product": "Страница товара",
    "link": "Ссылка",
    "title_page":" – страница №",
    "title_product": "– купить в интернет-магазине, цена, заказ online",
    "title_collection": "– купить в интернет-магазине по лучшей цене",
    "header-info-content": "Редактируемый блок под баннер",
    "header-info": "Блок в шапке сайта для информации",

    "compare_view":"Показывать:",
    "compare_filter":"различающиеся характеристики",
    "compare_all":"все характеристики",
    "compare_clear":"Удалить список",

    "image": "Изображение",
    "site_name": "Название сайта",
    "s_subheading_buy_button": "Кнопка \"купить\"",
    "collection_sort_size": "Товары в каталоге",
    "sort_default":"Колличество по-умолчанию",
    "s_product_not_available": "Если нулевой остаток",
    "after_products": "Показывать после товаров",
    "before_products": "Показывать до товаров",
    "s_subheading_adjective_settings": "Доп.настройки",
    "s_product_share_hide": "Скрыть блок \"Поделиться\"",
    "s_product_compare_hide": "Скрыть сравнение товаров",
    "s_product_not_available_hide": "Скрыть уведомление об отсутствии",
    "hide":"Скрыть",
    "s_heading_blog": "Блог и статьи",
    "s_article_author_hide": "Скрыть автора статьи",
    "s_article_image_hide": "Скрыть фото статьи",
    "from_settings": "Из настроек магазина",
    "default_checkbox_value": "Да",
    "edited_block": "Редактируемый блок",

    "collection_frontpage": "Товары на главной",
    "collection_popular": "Популярные товары",
    "main_menu": "Главное меню",
    "footer_menu": "Меню в футере",
    "page_delivery": "Доставка",
    "page_feedback": "Обратная связь",
    "page_payment": "Оплата",
    "page_contacts": "Контакты",
    "page_about": "О компании",
    "page_blog": "Блог",
    "option_label": "Метка",
    "option_label_new": "Новинка",
    "option_label_sale": "Распродажа",

    "block_template_benefit": "Преимущество",
    "block_template_slide": "Слайд",
    "block_template_social": "Соц.сеть",

    "block_list_benefits": "Преимущества компании",
    "block_list_banner": "Баннеры",
    "block_banner": "Заголовок",
    "block_benefit1": "Быстрая доставка до двери",
    "block_benefit2": "Выгодные акции и бонусы",
    "block_benefit3": "Подарки постоянным покупателям",

    "block_list_slider": "Слайдер",
    "block_slide1": "Быстрая доставка до двери",
    "block_slide2": "Выгодные акции и бонусы",
    "block_slide3": "Гарантии качества продукции",
    "block_slide_button": "Подробнее",

    "block_list_contacts": "Контакты",
    "block_top_panel": "Блок в верхней панели",

    "block_list_social": "Соц.сети",
    "block_list_paymenst": "Мы принимаем",

    "snippet_promo_slider": "Слайдер",
    "snippet_benefits": "Преимущества компании",
    "snippet_title_collections": "Подборки товаров",
    "snippet_title_categories": "Спец.категории",
    "snippet_news_feed": "Новостная лента",
    "panel_sidebar_content": "Место для вашей рекламы или виджета соц.сетей",
    "snippet_title_content": "Контент страницы",
    "snippet_image_text": "Картинка с текстом",
    "snippet_reviews": "Отзывы",

    "review-1-name": "Денис",
    "review-2-name": "Иван",
    "review-3-name": "София",
    "review-1-content": "Хороший магазин. Продавец предложил несколько вариантов товара, обсудили все нюансы. Очень понравилась работа курьеров  – доставили заказ за 1 день!",
    "review-2-content": "Заказывали кофемашину на кухню. Магазин  оперативно перезвонил, курьер приехали в тот же день и доставил заказ.  В общем, мы остались довольны, спасибо!",
    "review-3-content": "Заказывала телефон с хорошей камерой. Долго искала нужную модель в других магазинах, но нашла только у вас. Заказ привезли в Нижний Новгород всего через 3 дня после оформления заказа. Большое спасибо за быструю доставку!",

    "image-text-content": "<h2>Заголовок</h2><p>Пример текста виджета 'Текст и картинка'. В тексте вы можете разместить любую текстовую информацию, вставить изображения, картинки и видео. Поддерживается форматирование.Отредактировать этот виджет вы можете в режиме редактирования сайта. Для перехода в режим редактирования нажмите кнопку 'Редактор сайта' в верхней панели.</p>",
    "title-message-feedback": "Сообщение из виджета 'Форма заявки'",
    "field_phone": "Телефон",
    "field_name": "Имя",
    "field_email": "Email",
    "field_comment": "Комментарий",
    "field_message": "Сообщение",
    "field_text": "Текст",
    "field_captcha": "Капча",
    "field_rating": "Оценка",
    "field_product": "Товар",
    "filter_heading": "Фильтры",
    "related_products": "Сопутствующие товары",
    "similar_products": "Похожие товары",
    "article_products": "Товары в статье",
    "preorder": "Предзаказ",
    "product_added_to_comparison": "Товар добавлен в сравнение",
    "product_removed_from_comparison": "Товар удален из сравнения",
    "maximum_number_of_comparable": "Достигнуто максимальное количество сравниваемых товаров",
    "reviews_are_moderated": "Перед публикацией отзывы проходят модерацию",
    "review_is_added": "Отзыв успешно отправлен",

    "review_is_added_moderated": "Отзыв успешно отправлен.<br/> Он будет проверен администратором перед публикацией.",
    "max_send_form": "Превышено максимальное количество отправок формы",
    "tags_title": "Теги",
    "backcall_title": "Обратный звонок",
    "backcall_text_content": "Сообщение отправлено через форму 'Обратный звонок'",
    "preorder_completed": "Предзаказ успешно оформлен",
    "preorder_subject": "Оформлен предзаказ на товар",
    "form_invalid_name": "Неправильно заполнено поле",
    "form_empty_name": "Не заполнено поле",
    "blog_title":"Блог",
    "article_author":"Автор",
    "article_content_1":"<p>В интернет-магазине на InSales Вы можете вести блог магазина или новостную ленту &ndash; это отличный способ привлекать дополнительных покупателей из поисковых систем не только за счет коммерческих запросов, но и за счет информационных.</p><p>Рассказывайте вашим покупателям о новинках в вашем магазине, или просто полезную информацию о товарах вашей тематики и новостях рынка!</p><p><strong>Желательно публиковать статьи в блоге магазина не реже, чем 1 раз в месяц.</strong></p><p>Статьи блога поддерживают следующий функционал:</p><ul><li>теги к статьям для дополнительной перелинковки и навигации</li><li>возможность прикрепить товары к статьям</li><li>возможность добавить изображение (превью) статьи</li><li>комментарии пользователей</li><li>возможность закрепить статью вверху новостной ленты</li><li>отложенную публикацию &ndash; можно задать дату, когда статья появится на сайте</li></ul><p>----</p><p><em>Удалить или отредактировать эту статью можно <a rel=\"noopener noreferrer\" href=\"/admin2/blogs\" target=\"_blank\">в бэк-офисе сайта</a> в разделе \"Статьи\"</em></p><p><em>Инструкции по работе с блогом на InSales доступны в нашей документации:&nbsp;<a rel=\"noopener noreferrer\" href=\"https://www.insales.ru/collection/doc-settings/product/rabota-s-blogami\" target=\"_blank\">https://www.insales.ru/collection/doc-settings/product/rabota-s-blogami</a></em></p>",
    "article_title_1":"Первая новость магазина",
    "article_title_2":"А это уже вторая новость в интернет-магазине.",
    "article_title_3":"А это уже третья новость в интернет-магазине.",
    "article_content_2": "В интернет-магазине на InSales Вы можете вести блог магазина или новостную ленту – это отличный способ привлекать дополнительных покупателей из поисковых систем не только за счет коммерческих запросов, но и за счет информационных.\nРассказывайте вашим покупателям о новинках в вашем магазине, или просто полезную информацию о товарах вашей тематики и новостях рынка!\nЖелательно публиковать статьи в блоге магазина не реже, чем 1 раз в месяц. \n Статьи блога поддерживают следующий функционал: \n теги к статьям для дополнительной перелинковки и навигации возможность прикрепить товары к статьям возможность добавить изображение (превью) статьи комментарии пользователей возможность закрепить статью вверху новостной ленты отложенную публикацию – можно задать дату, когда статья появится на сайте \n----\nУдалить или отредактировать эту статью можно в бэк-офисе сайта в разделе 'Статьи' \n Инструкции по работе с блогом на InSales доступны в нашей документации: https://www.insales.ru/collection/doc-settings/product/rabota-s-blogami",
    "article_content_3": "В интернет-магазине на InSales Вы можете вести блог магазина или новостную ленту – это отличный способ привлекать дополнительных покупателей из поисковых систем не только за счет коммерческих запросов, но и за счет информационных.\nРассказывайте вашим покупателям о новинках в вашем магазине, или просто полезную информацию о товарах вашей тематики и новостях рынка!\nЖелательно публиковать статьи в блоге магазина не реже, чем 1 раз в месяц. \n Статьи блога поддерживают следующий функционал: \n теги к статьям для дополнительной перелинковки и навигации возможность прикрепить товары к статьям возможность добавить изображение (превью) статьи комментарии пользователей возможность закрепить статью вверху новостной ленты отложенную публикацию – можно задать дату, когда статья появится на сайте \n----\nУдалить или отредактировать эту статью можно в бэк-офисе сайта в разделе 'Статьи' \n Инструкции по работе с блогом на InSales доступны в нашей документации: https://www.insales.ru/collection/doc-settings/product/rabota-s-blogami",
    "none_data":"нет данных",

    "system_cart":"Корзина",
    "system_page-title":"Заголовок страницы",
    "system_compare-results":"Сравнение",
    "system_compare-toolbar":"Панель сравнения",
    "system_breadcrumb":"Хлебные крошки",
    "system_pagination":"Пагинация",
    "system_search-results":"Результаты поиска",
    "system_search-toolbar":"Панель поиска",
    "system_product-similar":"Аналогичные товары",
    "system_product-related":"Сопутствующие товары",
    "system_product-tabs":"Информация о товаре",
    "system_product":"Карточка товара",
    "system_product-article":"Товары к статье",
    "system_article":"Статья",
    "system_article-preview":"Статьи блога",
    "system_seo-description":"Доп. описание",
    "system_collection-products":"Товары из категории",
    "system_collection-toolbar":"Панель категории",
    "system_collection-subcollections":"Подкатегории",
    "system_collection-description":"Описание категории",
    "system_sidebar-tags":"Теги блога",
    "system_sidebar-news-blog":"Статьи из блога",
    "system_sidebar-news":"Новости в сайдбаре",
    "system_sidebar-filter":"Фильтр",
    "system_sidebar-menu":"Меню",
    "system_widget_feedback-page":"Форма обратной связи",
    "system_widget_footer":"Подвал",
    "system_notices":"Уведомления",
    "system_fly_panel":"Плавающая панель",
    "system_modal_collection-filter":"Мобильный фильтр категории",
    "system_modal_backcall":"Форма обратного звонка",
    "system_header-menu":"Меню в шапке",
    "system_widget_header":"Шапка",
    "system_top_panel":"Мобильная панель",
    "system_widget_feedback":"Обратная связь",
    "system_widget_image_text":"Картинка-текст",
    "system_reviews_top":"Отзывы",
    "system_widget_special_products":"Специальные товары",
    "system_banner-list":"Группа баннеров",
    "system_widget_benefits":"Преимущества",
    "system_widget_promo_slider":"Промо слайдер",
    "label_economy": "Экономия",
    "label_bundle": "Комплект",
    "label_preorder": "Предзаказ",
    "label_discount": "Скидка ",
    "label_discount_to": "до ",
    "label_unavailible": "Нет в наличии",

    "product_not_available": "✘",
    "product_not_available_content": "Товар временно недоступен",
    "page_404": "<h2>Здравствуйте!</h2><p>Добро пожаловать на «страницу 404» нашего сайта.</p><p>К сожалению, введенный Вами адрес недоступен. Этому может быть несколько объяснений:</p><ul><li>Страница удалена (из-за утраты актуальности информации)</li><li>Страница перенесена в другое место</li><li>Возможно, при вводе адреса была пропущена какая-то буква (на самом деле, у нас самих так часто получается)</li></ul>"
  },

  "en": {
    "comment_add": "Add a comment",
    "comment_is_added_moderated": "Before publishing comments are moderated",
    "comment_is_added": "Comments submitted successfully",
    "created_by": "Created by InSales",
    "article_related_products": "Products to article",
    "comments_are_moderated":"Comments submitted successfully. It will be checked before publishing.",
    "collection_frontpage": "Frontpage",
    "collection_popular": "Popular",
    "collection_filters_is_empty": "According to the selected parameters found nothing. Try to select other values.",
    "collection_is_empty": "This section is empty. We are working on it.",
    "comparison_is_empty": "Comparison list is empty",
    "no_js_message":"Include in your brouser JavaScript!",
    "comments": "comments",
    "cart_is_empty": "Cart is empty",
    "cart_title": "Cart",
    "all_subcategory": "All subcategory",
    "log_in": "Log in / Sign in",
    "button_submit": "Submit",
    "button_more": "More",
    "button_checkout": "Checkout",
    "button_widget_cart": "Checkout",
    "button_to_cart": "Add to cart",
    "button_apply": "Apply",
    "button_review": "Leave a review",
    "button_reset_filters": "Reset filters",
    "block_list_feedback": "Feedback form",
    "block_paymenttitle": "<h3>ACCEPTED FOR PAYMENT</h3>",
    "block_payments": "Payments",
    "block_social_caption": "<h3>WE ARE IN SOCIAL</h3>",
    "block_social_content": "<h3>WE ARE IN SOCIAL</h3>",
    "cart_discount_description": "Discount applies from more than 1000 rubles. Or something like that, depending on what the discount is applied to",
    "cart_discount" : "Discount",
    "block_worktime_caption": "Worktime",
    "block_worktime_content": "<p><strong>WE WORK:</strong></p><p>at 9a.m</p>",
    "block_feedback_title": "Feedback form",
    "button_add_comparison": "Add to comparison",
    "button_remove_comparison": "Remove from comparison",
    "backcall_title": "Back call",
    "preorder_completed": "Preorder done",
    "preorder_subject": "Pre-order for the goods",
    "form_invalid_name": "Invalid filed",
    "form_empty_name": "Empty field",
    "backcall_text_content": "The message was sent via the form 'Callback'",


    "block_list_benefits": "Benefits",
    "block_list_banner": "Banners",
    "block_benefit1": "Fast delivery to the door",
    "block_banner": "Caption",
    "block_benefit2": "Advantageous promotions and bonuses",
    "block_benefit3": "Gifts for regular customers ",
    "block_top_panel": "Block in the top panel",

    "button_remove": "Remove",
    "button_preorder": "Preorder",
    "bundle": "Bundle",
    "bundle_includes": "Bundle includes",
    "bundle_is_free": "Gift",
    "comparison_title": "Compare",
    "none_data":"no data",
    "default_checkbox_value": "Yes",

    "system_cart": "Trash",
    "system_page-title": "Page Title",
    "system_compare-results": "comparison",
    "system_compare-toolbar": "Comparison Panel",
    "system_breadcrumb": "Bread Crumbs",
    "system_pagination": "Pagination",
    "system_search-results": "Search results",
    "system_search-toolbar": "Search bar",
    "system_product-similar": "Similar products",
    "system_product-related": "Related Products",
    "system_product-tabs": "Product Information",
    "system_product": "Item Card",
    "system_product-article": "Goods to article",
    "system_article": "Article",
    "system_article-preview": "Blog Articles",
    "system_seo-description": "Extras. description",
    "system_collection-products": "Products from the category",
    "system_collection-toolbar": "Virtual categories",
    "system_collection-subcollections": "Subcategory",
    "system_collection-description": "Category Description",
    "system_sidebar-tags": "Blog tags",
    "system_sidebar-news-blog": "Articles from the blog",
    "system_sidebar-news": "Sidebar News",
    "system_sidebar-filter": "Filter",
    "system_sidebar-menu": "Menu",
    "system_widget_feedback-page": "Feedback Form",
    "system_widget_footer": "Basement",
    "system_notices": "Notice",
    "system_fly_panel": "Floating Panel",
    "system_modal_collection-filter": "Mobile category filter",
    "system_modal_backcall": "Callback form",
    "system_header-menu": "Menu in the header",
    "system_widget_header": "Cap",
    "system_top_panel": "Mobile Panel",
    "system_widget_feedback": "Feedback",
    "system_widget_image_text": "Picture-text",
    "system_reviews_top": "Reviews",
    "system_widget_special_products": "Special Products",
    "system_banner-list": "Banner Group",
    "system_widget_benefits": "Advantage",
    "system_widget_promo_slider": "Promo Slider",

    "compare_view":"Show:",
    "compare_filter":"different characteristics",
    "compare_all":"all specifications",
    "compare_clear":"Delete list",

    "cart_description": "Cart",
    "total_caption":"Total",
    "total_count": "Quantity",
    "compare_description": "Compare",
    "search_description": "Search",
    "header-info-content": "Site for your fantasy",
    "header-info": "Header block for content",

    "discount_placeholder": "Have a promo code?",
    "fields": "Fields",
    "field_phone": "Phone",
    "field_name": "Name",
    "field_email": "Email",
    "hello": "hello",
    "field_comment": "Comment",
    "field_message": "Message",
    "field_text": "Text",
    "field_captcha": "Captcha",
    "field_rating": "Rating",
    "field_product": "Product",
    "filter_heading": "Filters",
    "show_the_same": "Show the same",
    "hide_the_same": "Hide the same",
    "comment_success": "Comment success!",
    "panel_sidebar": "Place for advertising",
    "panel_sidebar_content": "Advertising content",
    "label_to": "To",
    "label_from": "From",
    "label_reviews": "Reviews",
    "view_products": "Views products",
    "product_page": "Buy settings",
    "label_sort": "Sorting",
    "label_description": "Description",
    "label_characteristics": "Characteristics",
    "label_article": "Article",
    "label_limit": "Limit by",
    "label_price": "Price",
    "label_price_min": "From ",
    "label_economy": "Economy",
    "label_main_menu": "Main menu",
    "label_product": "Product",
    "label_variant": "Variant",
    "label_photo": "Photo",
    "label_catalog": "Catalog",
    "reviews_are_moderated": "Before publishing review are moderated",
    "review_is_added": "Reviews submitted successfully",
    "review_is_added_moderated": "Comments submitted successfully.<br/> It will be checked before publishing the blog owner.",
    "max_send_form": "The maximum number of form dispatches was exceeded",
    "related_products": "Related products",
    "from_settings": "From store settings",
    "edited_block": "Editable block",
    "s_heading_colors_and_fonts": "Palette and background",
    "s_subheading_primary_colors": "Primary colors",
    "bundle_product_price": "Price",
    "bundle_product_discount": "Discount",
    "bundle_product_finall": "Price complect",
    "title-message-feedback": "Message from widget 'Application form'",
    "s_alertify-ok": "Send",
    "s_alertify-cancel": "Cancel",
    "s_alertify-addcart": "Item added to cart",
    "s_alertify-removecart": "Item removed from cart",
    "site_name": "Site name",
    "client_account": "Client account",
    "user_oferta": "Privacy policy and offer",
    "term_of_use": "Term of use",
    "exchange_return":"Term of exchange and return",
    "default": "Default",
    "tile": "Tile",
    "product_available": "✔",
    "product_available_caption": "Availability",
    "stretch": "Stretch",


    "s_subheading_primary_colors": "Palette №1",
    "s_subheading_adjective_colors": "Palette №2",
    "s_subheading_custom_colors": "Palette №3",

    "s_color_background": "Main color",
    "s_color_background-sub": "Additional color",
    "s_color_text": "Text color",
    "s_color_active_elements": "Acitve elements color",
    "s_color_active_elements_hover": "Active elements color hover",
    "s_color_border": "Border color",
    "background_container": "Color container background",
    "background_container_use": "Use the background color of the container?",

    "s_subheading_background_substrate": "Background substrate",
    "s_body_background_color": "Background color",
    "s_body_background_use": "Use background image",
    "s_body_background_type": "Position background",
    "s_body_background_image": "Image",

    "s_subheading_fonts": "Fonts",
    "s_font_family_primary": "Font",
    "s_font_size_primary": "Font size",

    "s_heading_logotype": "Logotype",
    "link": "Link",
    "image": "Image",
    "all_blogs": "More blogs",
    "s_subheading_logotype": "Logotype",
    "s_logotype_type" : "Use logotype image",
    "s_logotype_image" : "Download logotype",
    "s_logotype_font_family" : "Logotype font",
    "s_logotype_font_size" : "Logotype font size",

    "s_subheading_favicon": "Favicon",
    "s_favicon": "Image (.png)",

    "s_heading_contacts": "Contacts",
    "s_subheading_contacts": "Contacts",
    "s_phone" : "Phone",
    "s_email" : "E-mail",
    "show": "Show",
    "s_subheading_socials": "Social Links",
    "s_social_media_hide": "Hide social links",

    "s_heading_frontpage": "Frontpage",

    "s_subheading_slider": "Slider",
    "s_promo_slider_auto": "Autoplay",
    "s_promo_slider_auto_time": "Animation delay (sec.)",

    "s_subheading_special_products": "Selections of goods",

    "s_subheading_special_categories": "Special categories",

    "s_heading_collection": "Catalog page",

    "s_cards_background_hide": "Disable background cards",
    "s_image_cover": "Disable circumcision photo",
    "s_cards_introtext_hide": "Hide description cards",
    "s_category_description_position": "Category description and image category position",
    "s_category_image_hidden": "Hide image category",
    "s_category_subcollections_hidden": "Hide subcollections",
    "s_category_filter_hidden": "Hide options in filter",

    "s_heading_product": "Product page",

    "s_subheading_buy_button": "\"Buy\" button",
    "collection_sort_size": "Products in the catalog",
    "sort_default":"Default quantity",
    "s_product_not_available": "If product not available",

    "s_subheading_adjective_settings": "Additional settings",
    "s_product_share_hide": "Hide unit \"Share\"",
    "s_product_compare_hide": "Hide compare products",
    "s_product_not_available_hide": "Hide notification of absence",

    "s_heading_blog": "Blog and articles",
    "s_article_author_hide": "Hide article's author",
    "s_article_image_hide": "Hide article's photo",
    "hide":"Hide",
    "after_products": "Show after the goods",
    "before_products": "Show before the goods",
    "similar_products": "Similar products",
    "article_products": "Products in article",
    "sort_by_price": "ascending price",
    "search_title": "Search",
    "search_is_fail": "Nothing found",
    "search_is_empty": "Enter search keywords",
    "sort_by_price_desc": "descending price",
    "sort_by_createdon": "newest first",
    "sort_by_createdon_desc": "oldest first",
    "sort_by_title": "by pagetitle",
    "tags_title": "Tags",
    "main_menu": "Main menu",
    "footer_menu": "Footer menu",
    "page_delivery": "Delivery",
    "page_feedback": "Feedback",
    "page_payment": "Payment",
    "page_contacts": "Contacts",
    "page_about": "About",
    "page_blog": "Blog",

    "option_label": "Label",
    "option_label_new": "New",
    "option_label_sale": "Sale",

    "product_added_to_comparison": "Product added to comparison",
    "product_removed_from_comparison": "Product removed from comparison",
    "maximum_number_of_comparable": "Has reached the maximum number of comparable goods",

    "block_template_benefit": "Benefit",
    "block_template_slide": "Slide",
    "block_template_social": "Social group",
    "block_list_slider": "Slider",
    "block_slide1": "Fast delivery to the door",
    "block_slide2": "Advantageous promotions and bonuses",
    "block_slide3": "Product Quality Assurance",
    "block_slide_button": "More",

    "block_list_social": "Social groups",
    "block_list_paymenst": "Payments",

    "snippet_promo_slider": "Slider",
    "snippet_benefits": "Benefits",
    "snippet_title_collections": "Selections of goods",

    "title_page":" – page №",
    "title_product": "– buy in online shop, price, order online",
    "title_collection": "– buy in online shop at the best price",

    "snippet_title_categories": "Special categories",
    "snippet_news_feed": "News feed",
    "snippet_title_content": "Page description",
    "snippet_image_text": "Image with text",
    "snippet_reviews": "Reviews",

    "review-1-name": "Denis",
    "review-2-name": "John",
    "review-3-name": "Sophie",

    "review-1-content": "Good shop. The seller offered several options for the goods, discussed all the nuances. I liked the work of couriers very much - they delivered the order for 1 day!",
    "review-2-content": "We ordered a coffee machine in the kitchen. The store promptly called back, the courier arrived the same day and delivered the order. In general, we were satisfied, thank you!",
    "review-3-content": "I ordered a phone with a good camera. Long searched for the right model in other stores, but found only you. The order was brought to Nizhny Novgorod in just 3 days after ordering. Thank you very much for the prompt delivery!",

    "image-text-content": "<h2>Caption</h2><p>Example text for the widget 'Text and picture'. In the text you can place any text information, insert images, pictures and video. Formatting supported.You can edit this widget in the site editing mode. To enter the editing mode, click the 'Site Editor' button in the top panel.</p>",

    "blog_title":"Blog",
    "article_author":"Author",
    "article_title_1":"This is the first news in the online store.",
    "article_title_2":"And this is the second news in the online store.",
    "article_title_3":"And this is the third news in the online store.",

    "article_content_1":"В интернет-магазине на InSales Вы можете вести блог магазина или новостную ленту – это отличный способ привлекать дополнительных покупателей из поисковых систем не только за счет коммерческих запросов, но и за счет информационных.Рассказывайте вашим покупателям о новинках в вашем магазине, или просто полезную информацию о товарах вашей тематики и новостях рынка!Желательно публиковать статьи в блоге магазина не реже, чем 1 раз в месяц.Статьи блога поддерживают следующий функционал:теги к статьям для дополнительной перелинковки и навигации возможность прикрепить товары к статьям возможность добавить изображение (превью) статьи комментарии пользователей возможность закрепить статью вверху новостной ленты отложенную публикацию – можно задать дату, когда статья появится на сайте. Удалить или отредактировать эту статью можно в бэк-офисе сайта в разделе 'Статьи' Инструкции по работе с блогом на InSales доступны в нашей документации: https://www.insales.ru/collection/doc-settings/product/rabota-s-blogami",

    "article_content_2": "In the online store on InSales, you can blog a store or a news line - it's a great way to attract additional buyers from search engines, not only at the expense of commercial requests, but also at the expense of information. \nTell your customers about new items in your store, or simply useful information about your products and news of the market! \nIt is desirable to publish articles in the store's blog at least once a month. \nArticles of the blog support the following functionality: \ntags for articles for additional linking and navigation possibility to attach products to articles possibility to add image (preview) articles user comments possibility to consolidate an article at the top of a news line postponed publication - you can set a date when the article appears on the site \n ---- \nDelete or edit this article in the back-office of the site in the 'Articles' section \n The instructions for working with the blog on InSales are available in our documentation: https://www.insales.ru/collection/doc -settings / product / ra bota-s-blogami",

    "article_content_3": "In the online store on InSales, you can blog a store or a news line - it's a great way to attract additional buyers from search engines, not only at the expense of commercial requests, but also at the expense of information. \nTell your customers about new items in your store, or simply useful information about your products and news of the market! \nIt is desirable to publish articles in the store's blog at least once a month. \nArticles of the blog support the following functionality: \ntags for articles for additional linking and navigation possibility to attach products to articles possibility to add image (preview) articles user comments possibility to consolidate an article at the top of a news line postponed publication - you can set a date when the article appears on the site \n ---- \nDelete or edit this article in the back-office of the site in the 'Articles' section \n The instructions for working with the blog on InSales are available in our documentation: https://www.insales.ru/collection/doc -settings / product / ra bota-s-blogami",

    "block_list_contacts": "Contacts",
    "preorder": "Preorder",
    "product_not_available": "✘",
    "product_not_available_content": "Product temporarily unavailable",
    "sort_by_title_desc": "descending alphabet",
    "page_404": "<h2>Hello!</h2><p>Welcome to 404 page.</p><p>Unfortunately, page doesn't exist. There could be several reasons for that:</p><ul><li>Page was deleted (due to outdated information)</li><li>Page was shifted to another place</li><li>Perhaps, you made a mistake while typing page address (actually it happens to us very often)</li></ul>",
    "label_economy": "Economy",
    "label_bundle": "Bundle",
    "label_preorder": "Preorder",
    "label_unavailible": "not available",
    "label_discount": "Discount ",
    "label_discount_to": "Under "
  }
}
